x,y
0.0,-0.3947486948195007
0.0,-0.8507526679441241
0.0,-0.5020637888000621
0.0,-0.186437950001249
0.0,-0.1713047976290624
0.0,-0.5292324870100615
0.0,-0.3757412279524375
0.0,-0.4239383776366239
0.0,0.1573267450720618
0.0,-0.2283470953581868
0.0,-0.5917116009673109
0.0,-0.1585535003694391
0.0,0.3347559323529365
0.0,-0.1834940074331884
0.0,-0.3144147746215623
0.0,-0.4875678273938136
0.0,-0.2871582093241259
0.0,0.157538163091749
0.0,-0.3246894666364385
0.0,-0.1766708852426236
0.0,0.0303092987823758
0.0,-0.3804641988978746
0.0,-0.180769739137189
0.0,-0.4021628228663745
0.0,-0.2113268990423137
0.0,-0.2282743408678771
0.0,0.0125795384415011
0.0,-0.2291394397171247
0.0,-0.1764782514358118
0.0,-0.3571236569250006
0.0,0.0826998535245649
0.0,-0.1408511634948738
0.0,-0.466234103533438
0.0,-0.2853451014994379
0.0,-0.2576041241641249
0.0,0.0054689498630635
0.0,-0.4017507303956877
0.0,-0.2794190710894995
0.0,-0.0996186994983092
0.0,0.0099568370107505
0.0,-0.456131599733314
0.0,-0.8370278917815002
0.0,-0.533144305708376
0.0,-0.5099431308830615
0.0,-0.4998425971295616
0.0,-0.3005038486906868
0.0,-0.3133834131606875
0.0,-0.1539422752496874
0.0,-0.2742860748573106
0.0,-0.4093649204569998
0.0,-0.4723972628874973
0.0,-0.3260889179598135
0.0,-0.5576041467276864
0.0,-0.4560420851438121
0.0,-0.5513415371001227
0.0,-0.3290718627565024
0.0,-0.2109823186432504
0.0,-0.5504884275334374
0.0,-0.7411547330641879
0.0,-0.5217042859419376
0.0,-0.2025121144914362
0.0,-0.6036221465556251
0.0,0.2084381164915004
0.0,-0.400785724394312
0.0,-0.4648909297152511
0.0,-0.6292614907663729
0.0,-0.9678841935466862
0.0,-0.8372103958028133
0.0,0.0686117620826267
0.0,-0.176828000916312
0.0,-0.4292073704583128
0.0,-0.3428580494448751
0.0,-0.2150200444019999
0.0,-0.020683779065811
0.0,-0.254398593631687
0.0,-0.3505590093699989
0.0,-0.5504525441071872
0.0,0.1108860239091871
0.0,-0.0597998504015633
0.0,-0.315112238910437
0.0,-0.2047790533113141
0.0,0.2466939391502524
0.0,0.2466310205568094
0.0,0.0851374846686258
0.0,0.0425964219226884
0.0,-0.2421007585116255
0.0,0.2623821422206875
0.0,-0.2799274424651241
0.0,0.1669728377938755
0.0,0.3521985276624991
0.0,0.669160970880438
0.0,0.5820740363507486
0.0,0.4316967971560005
0.0,0.6710007235160009
0.0,0.0759787569519379
0.0,0.7350099705383744
0.0,0.2100953644411237
0.0,0.4526859112679989
0.0,0.5183664014406875
0.0,0.528690276833625
0.0,0.6854166371270638
0.0,0.381016422214188
0.0,0.6883250587180001
0.0,1.1193423625569363
0.0,0.6674963637526885
0.0,0.5714768089265647
0.0,0.5076229729101868
0.0,0.950275132465562
0.0,0.9996282163749384
0.0,0.5545036043196858
0.0,0.6680376367871885
0.0,1.0935751316050002
0.0,1.2168148469333755
0.0,1.3192599618731875
0.0,0.902478945117124
0.0,1.1778790221172484
0.0,1.1234545715538131
0.0,1.0164725066371272
0.0,0.9113038623744384
0.0,1.0272065269928117
0.0,0.9126486744572516
0.0,1.0590519623511254
0.0,0.4506007463655634
0.0,1.3450999397505017
0.0,1.0329445571373128
0.0,1.2572732875799373
0.0,0.8855724378576239
0.0,0.8463416638660006
0.0,0.726343299750374
0.0,1.231635422783438
0.0,0.8011863426191866
0.0,0.9072474496663134
0.0,1.2318019388591257
0.0,0.9243903364447494
0.0,1.47700680056075
4.392857142857144,0.9684021796350012
5.857142857142859,2.802165025673188
5.857142857142859,4.877761539973186
5.857142857142859,5.422686216837502
5.857142857142859,5.177692574131751
5.857142857142859,5.116875759384252
5.857142857142859,5.28627790490244
5.857142857142859,5.663855536232439
5.857142857142859,4.967539119367437
5.857142857142859,5.167371242316375
5.857142857142859,4.982442535829188
5.857142857142859,5.25553367483619
5.857142857142859,4.764723612494065
5.857142857142859,4.365827977937312
5.857142857142859,5.072979810893189
5.857142857142859,5.158841507331438
5.857142857142859,4.788555841776438
5.857142857142859,4.765554963763686
5.857142857142859,4.844757062508376
5.857142857142859,4.882356936772375
5.857142857142859,4.610406234291251
5.857142857142859,4.365244760852127
5.857142857142859,4.542147885934813
5.857142857142859,4.720956547865062
5.857142857142859,4.985384656590877
5.857142857142859,4.682470712439565
5.857142857142859,4.658474221836939
5.857142857142859,4.895611593440377
5.857142857142859,5.111290252751125
5.857142857142859,4.885414764950001
5.857142857142859,4.778815939026877
5.857142857142859,5.007093265671813
5.857142857142859,4.9761121560325
5.857142857142859,4.796526551978438
5.857142857142859,4.763201115945002
5.857142857142859,5.1571589265077495
5.857142857142859,5.002217924433502
5.857142857142859,5.18252812429875
5.857142857142859,4.970411082457439
5.857142857142859,5.246113562506188
5.857142857142859,5.118193337905
5.857142857142859,5.349922873703438
5.857142857142859,4.925323165296875
5.857142857142859,5.066420130125312
5.857142857142859,5.251838726830562
5.857142857142859,4.95434678747475
5.857142857142859,4.943113200136252
5.857142857142859,4.964261667860937
5.857142857142859,4.989709011803187
5.857142857142859,5.318610989571439
5.857142857142859,4.754943961544813
5.857142857142859,4.814853743033938
5.857142857142859,4.842296994768126
5.857142857142859,5.331292544902815
5.857142857142859,5.050031318067126
5.857142857142859,4.646660300987313
5.857142857142859,4.78357660578925
5.857142857142859,4.900291470744812
5.857142857142859,4.942726866476563
5.857142857142859,4.746949755259626
5.857142857142859,4.423241424885877
5.857142857142859,4.728492347558064
5.857142857142859,4.372171824290191
5.857142857142859,4.586580755070001
5.857142857142859,4.3431813410077496
5.857142857142859,4.416885161926563
5.857142857142859,4.666463110237815
5.857142857142859,4.620235325000624
5.857142857142859,4.541726715853563
5.857142857142859,4.336159858362752
5.857142857142859,4.737282784094626
5.857142857142859,4.855831729989502
5.857142857142859,4.5288635986755015
5.857142857142859,4.297011979712188
5.857142857142859,4.5771539886693136
5.857142857142859,4.726868568229438
5.857142857142859,4.4558466485885
5.857142857142859,4.459258343852063
5.857142857142859,4.552073688088938
5.857142857142859,4.598222357338751
5.857142857142859,4.312532644061001
5.857142857142859,4.182922169964124
5.857142857142859,4.409349140387813
5.857142857142859,4.579619501892811
5.857142857142859,4.1582640818961245
5.857142857142859,4.088306417254751
5.857142857142859,3.850636344863624
5.857142857142859,4.39271169030925
5.857142857142859,4.109371449350876
5.857142857142859,4.087972753903812
5.857142857142859,4.196556412196875
5.857142857142859,4.244199741111627
5.857142857142859,4.539385704887128
5.857142857142859,4.261187299194624
5.857142857142859,3.8759137507038135
5.857142857142859,4.287608412596502
5.857142857142859,4.234074816213314
5.857142857142859,4.348538894410563
5.857142857142859,3.840377001467623
5.857142857142859,4.146228780418126
5.857142857142859,4.63842526036525
5.857142857142859,4.330110682129751
5.857142857142859,4.4474468283558135
5.857142857142859,4.379212566315748
5.857142857142859,4.410410812904937
5.857142857142859,4.869080959542372
5.857142857142859,4.295902747504499
5.857142857142859,4.103100630251252
5.857142857142859,4.656313015168438
5.857142857142859,4.61788919106831
5.857142857142859,4.444865029570563
5.857142857142859,4.12748179041075
7.464285714285716,3.924636793675375
12.285714285714285,4.695584349145875
12.285714285714285,6.931197164974124
12.285714285714285,8.62199559209444
12.285714285714285,8.693089557978627
12.285714285714285,8.909537431715687
12.285714285714285,8.850358379001499
12.285714285714285,8.821126210159939
12.285714285714285,8.808296700413687
12.285714285714285,8.90405712015444
12.285714285714285,8.958713735293188
12.285714285714285,8.653240619737687
12.285714285714285,8.659284662845627
12.285714285714285,8.749031332924874
12.285714285714285,9.001322876941316
12.285714285714285,8.79162902504575
12.285714285714285,8.724818979470374
12.285714285714285,8.774717538436063
12.285714285714285,9.133871436331626
12.285714285714285,9.218085973934626
12.285714285714285,8.783199166400813
12.285714285714285,9.08198602207575
12.285714285714285,9.322020994511064
12.285714285714285,8.779810337215501
12.285714285714285,9.077484557974753
12.285714285714285,9.053778453133813
12.285714285714285,9.279261043567498
12.285714285714285,9.317115161409935
12.285714285714285,8.856298215594375
12.285714285714285,8.832283401839685
12.285714285714285,9.304533256820063
12.285714285714285,9.321017238409317
12.285714285714285,9.422635622711375
12.285714285714285,9.471585193793064
12.285714285714285,9.71675200291944
12.285714285714285,10.162231593800374
12.285714285714285,9.7969509640635
12.285714285714285,9.438552082112626
12.285714285714285,9.715484907294565
12.285714285714285,10.06631167440694
12.285714285714285,9.803948494164311
12.285714285714285,9.358678596762314
12.285714285714285,9.184955241730252
12.285714285714285,9.563497997921376
12.285714285714285,9.341532845939
12.285714285714285,9.048221019958124
12.285714285714285,9.043295359102
12.285714285714285,9.48834223429225
12.285714285714285,9.328251113996505
12.285714285714285,8.76835199941275
12.285714285714285,9.32239212421625
12.285714285714285,9.469886367870687
12.285714285714285,9.56272684153419
12.285714285714285,9.767198317272126
12.285714285714285,9.440225920800687
12.285714285714285,9.777285731774311
12.285714285714285,9.9423205817575
12.285714285714285,9.523530767356686
12.285714285714285,9.170797187403252
12.285714285714285,9.775623930328686
12.285714285714285,9.868784550438251
12.285714285714285,9.637288408766814
12.285714285714285,9.81975223800344
12.285714285714285,10.098288644333628
12.285714285714285,9.96604935378356
12.285714285714285,9.838080859765126
12.285714285714285,9.766147645841247
12.285714285714285,10.096108656245503
12.285714285714285,10.222853669116065
12.285714285714285,9.955808491040312
12.285714285714285,10.082352287450252
12.285714285714285,9.872166847056626
12.285714285714285,10.42419977342875
12.285714285714285,10.113602154252812
12.285714285714285,9.919280846140564
12.285714285714285,10.069362973029625
12.285714285714285,10.02374209714975
12.285714285714285,10.567750190935689
12.285714285714285,9.986168961743
12.285714285714285,10.025220971647377
12.285714285714285,10.328771987050128
12.285714285714285,10.455600723825253
12.285714285714285,10.26987171997575
12.285714285714285,10.089405416855875
12.285714285714285,10.020599671854624
12.285714285714285,10.324447329863876
12.285714285714285,9.977246134690436
12.285714285714285,9.93820567244594
12.285714285714285,9.98068192895906
12.285714285714285,9.993638000416247
12.285714285714285,9.573921493334312
12.285714285714285,9.429617831278188
12.285714285714285,9.713015037313877
12.285714285714285,9.248398389563752
12.285714285714285,9.6356854758475
12.285714285714285,9.31293281423
12.285714285714285,9.680350275762436
12.285714285714285,9.81869035182794
12.285714285714285,9.737913928948128
12.285714285714285,9.521666043030502
12.285714285714285,10.062255769950312
12.285714285714285,9.362282276726754
12.285714285714285,9.556886405929252
12.285714285714285,8.8919781265245
12.285714285714285,9.483283856992436
12.285714285714285,9.244556591963688
12.285714285714285,9.211254935676564
12.285714285714285,9.164195275694375
12.285714285714285,9.372535221496314
12.285714285714285,9.38086014591925
12.285714285714285,9.258373980129
12.285714285714285,9.124517153231814
12.285714285714285,8.958222808562438
17.42857142857143,9.282901063151751
19.142857142857142,10.475248033696063
19.142857142857142,12.800163647958
19.142857142857142,14.113997545381189
19.142857142857142,14.549695143176752
19.142857142857142,14.627030835602188
19.142857142857142,14.504996142862002
19.142857142857142,13.951144500729065
19.142857142857142,14.101983896687065
19.142857142857142,14.238384853520188
19.142857142857142,13.737371934959064
19.142857142857142,13.56699613696281
19.142857142857142,14.298128798088438
19.142857142857142,14.489357625210875
19.142857142857142,13.760092529120628
19.142857142857142,14.121109819854064
19.142857142857142,14.174453047709562
19.142857142857142,14.007158095585249
19.142857142857142,13.848067411121376
19.142857142857142,13.856322689858064
19.142857142857142,13.99743147684994
19.142857142857142,13.825221790925005
19.142857142857142,13.800544630810624
19.142857142857142,13.505514778146626
19.142857142857142,13.667160473387126
19.142857142857142,14.13570738282625
19.142857142857142,13.820065648718876
19.142857142857142,13.32712416786656
19.142857142857142,13.760109822195307
19.142857142857142,13.5890016457245
19.142857142857142,13.809117824999753
19.142857142857142,13.251901843757686
19.142857142857142,13.473319480034752
19.142857142857142,13.636003919617124
19.142857142857142,13.123003325769313
19.142857142857142,13.616916109836438
19.142857142857142,13.523042241087438
19.142857142857142,13.69301924071556
19.142857142857142,13.312059752351376
19.142857142857142,13.665788338672504
19.142857142857142,12.710192107669064
19.142857142857142,13.465377081248937
19.142857142857142,13.763564867164876
19.142857142857142,13.215300497748128
19.142857142857142,13.56359333859156
19.142857142857142,13.160464746505747
19.142857142857142,13.4527611152755
19.142857142857142,13.021006838024377
19.142857142857142,13.073048706190688
19.142857142857142,13.28708843187506
19.142857142857142,13.250725488526747
19.142857142857142,13.113363466992247
19.142857142857142,13.09889025672525
19.142857142857142,13.643480910530062
19.142857142857142,13.408620155352498
19.142857142857142,13.0740233976865
19.142857142857142,13.18869984658475
19.142857142857142,13.101881581272002
19.142857142857142,13.3596134628575
19.142857142857142,13.308698725300626
19.142857142857142,13.435769441332187
19.142857142857142,13.303406110914311
19.142857142857142,13.286702386206624
19.142857142857142,13.350590616372248
19.142857142857142,13.056011668816314
19.142857142857142,13.137945307057189
19.142857142857142,13.522253274033629
19.142857142857142,13.327732451458123
19.142857142857142,12.78287833122519
19.142857142857142,13.097307101978812
19.142857142857142,13.013489097247248
19.142857142857142,12.958913995318063
19.142857142857142,12.838574336004877
19.142857142857142,13.034262549765
19.142857142857142,13.139196451609
19.142857142857142,12.925497689817252
19.142857142857142,13.212904993091689
19.142857142857142,12.813843632930816
19.142857142857142,13.404933230649062
19.142857142857142,13.139242767167188
19.142857142857142,12.592529121691625
19.142857142857142,12.848055022080125
19.142857142857142,13.056288189750749
19.142857142857142,13.229662103021935
19.142857142857142,12.556193295945253
19.142857142857142,12.484261342590628
19.142857142857142,12.884531043607565
19.142857142857142,12.799471174462935
19.142857142857142,12.436727099201498
19.142857142857142,12.308705828303124
19.142857142857142,13.193062268324317
19.142857142857142,12.723352920018376
19.142857142857142,12.403153600631873
19.142857142857142,12.738955163480751
19.142857142857142,12.781586295063686
19.142857142857142,13.184664355474062
19.142857142857142,12.89315004948925
19.142857142857142,12.675311138517564
19.142857142857142,13.089805553237062
19.142857142857142,13.264795697930062
19.142857142857142,12.881140686536062
19.142857142857142,12.975369820853375
19.142857142857142,13.073882062556065
19.142857142857142,12.890555759199062
19.142857142857142,13.257293228407688
19.142857142857142,12.743357715788123
19.142857142857142,12.724400030540062
19.142857142857142,13.186939788399686
19.142857142857142,13.261839915248498
19.142857142857142,12.880317880137689
19.142857142857142,13.04091078930469
19.142857142857142,13.31649066899781
20.946428571428573,13.492410593289875
26.35714285714286,13.040145778567378
26.35714285714286,15.273230421876375
26.35714285714286,17.982294022857815
26.35714285714286,18.769483633153506
26.35714285714286,18.49345000152731
26.35714285714286,18.547677857130186
26.35714285714286,18.717610573590377
26.35714285714286,18.64024533584125
26.35714285714286,18.033833156650317
26.35714285714286,18.15637555766156
26.35714285714286,18.04117462674119
26.35714285714286,18.351821876838684
26.35714285714286,17.823986296573125
26.35714285714286,17.730035346210126
26.35714285714286,18.45486890771075
26.35714285714286,18.168576696574565
26.35714285714286,18.17647781726019
26.35714285714286,18.18884528618175
26.35714285714286,18.2072343797135
26.35714285714286,18.384851889320124
26.35714285714286,18.12717741431756
26.35714285714286,17.968825004129247
26.35714285714286,18.197706949076
26.35714285714286,18.387277509190756
26.35714285714286,18.051169386048937
26.35714285714286,17.51805434754425
26.35714285714286,18.52534764592219
26.35714285714286,18.5412021788995
26.35714285714286,18.10644185878481
26.35714285714286,18.130076191705623
26.35714285714286,18.01624891319881
26.35714285714286,18.353753675152127
26.35714285714286,18.04865577847125
26.35714285714286,18.160211988899317
26.35714285714286,18.163102352101813
26.35714285714286,18.126349023158685
26.35714285714286,18.45525864658294
26.35714285714286,17.988385371002437
26.35714285714286,18.190824304919875
26.35714285714286,18.466221863207124
26.35714285714286,17.97685221213644
26.35714285714286,17.878974418211815
26.35714285714286,18.64367021945563
26.35714285714286,18.28443463216044
26.35714285714286,17.92457714903625
26.35714285714286,18.18331222415944
26.35714285714286,18.31141510677594
26.35714285714286,18.13143954447593
26.35714285714286,18.10929895221606
26.35714285714286,18.44901283483637
26.35714285714286,18.58539085739981
26.35714285714286,18.410755955669185
26.35714285714286,17.874678178975064
26.35714285714286,18.01657905512044
26.35714285714286,18.60333481195713
26.35714285714286,18.468800666679623
26.35714285714286,17.88376452406356
26.35714285714286,17.87068233427494
26.35714285714286,18.28828367447144
26.35714285714286,18.334268117651625
26.35714285714286,17.97701594544712
26.35714285714286,18.2152187940435
26.35714285714286,18.54923401100181
26.35714285714286,18.43871207729244
26.35714285714286,18.06275752873469
26.35714285714286,18.060032180884438
26.35714285714286,18.309856963241625
26.35714285714286,18.293498506853936
26.35714285714286,17.96088062736825
26.35714285714286,18.301248074232
26.35714285714286,18.255255711050932
26.35714285714286,17.99154915096769
26.35714285714286,17.871269447149686
26.35714285714286,17.98362091318569
26.35714285714286,18.56610012123175
26.35714285714286,17.89387138574
26.35714285714286,17.75193964996081
26.35714285714286,18.244553925088372
26.35714285714286,17.808082600987436
26.35714285714286,17.87549587148031
26.35714285714286,17.30854578795381
26.35714285714286,17.920561535217562
26.35714285714286,18.535893060514127
26.35714285714286,17.92582457904075
26.35714285714286,18.103682355351253
26.35714285714286,18.27757922336406
26.35714285714286,18.24665573022981
26.35714285714286,17.92698614636994
26.35714285714286,18.132966766818125
26.35714285714286,18.387509376595624
26.35714285714286,18.288105503024
26.35714285714286,17.897771727315813
26.35714285714286,18.05372665226381
26.35714285714286,18.427417669678377
26.35714285714286,18.755563153549563
26.35714285714286,17.883291115940438
26.35714285714286,18.094385230233875
26.35714285714286,18.120951410644626
26.35714285714286,18.32432467050275
26.35714285714286,18.18913295385144
26.35714285714286,18.09070281088325
26.35714285714286,18.160223087513376
26.35714285714286,18.217064181112494
26.35714285714286,17.535108225107308
26.35714285714286,17.915072835518874
26.35714285714286,18.0852499394285
26.35714285714286,18.17332339819425
26.35714285714286,17.443310614550875
26.35714285714286,17.853670324235623
26.35714285714286,18.25599626898713
26.35714285714286,17.849901529930623
26.35714285714286,17.27971368943219
31.71428571428572,17.780132571626186
33.50000000000001,18.91974900589344
33.50000000000001,21.60027273275569
33.50000000000001,23.596174706750684
33.50000000000001,23.20006617667444
33.50000000000001,23.904113037753188
33.50000000000001,23.48683426031044
33.50000000000001,23.067450251059125
33.50000000000001,23.747968434854627
33.50000000000001,24.088653659880748
33.50000000000001,23.78446055781388
33.50000000000001,23.210954104964568
33.50000000000001,24.138441676286124
33.50000000000001,23.132676852790123
33.50000000000001,23.775713290257187
33.50000000000001,23.463289995852687
33.50000000000001,23.626359894844317
33.50000000000001,23.69998969840469
33.50000000000001,23.421649486890875
33.50000000000001,22.91778563570819
33.50000000000001,23.95907961566737
33.50000000000001,23.998963403900504
33.50000000000001,23.17708864306737
33.50000000000001,23.04698586070412
33.50000000000001,23.406325942417816
33.50000000000001,23.711129009953
33.50000000000001,23.44950589317075
33.50000000000001,23.08484043890519
33.50000000000001,23.637008240899817
33.50000000000001,22.953358066359936
33.50000000000001,22.82661333079644
33.50000000000001,23.004247784911875
33.50000000000001,23.301973854515
33.50000000000001,22.96434263479963
33.50000000000001,22.68469311056625
33.50000000000001,23.21662124178644
33.50000000000001,23.43147071814088
33.50000000000001,23.44405359689769
33.50000000000001,23.35252881617344
33.50000000000001,23.68614778855375
33.50000000000001,23.524097557198687
33.50000000000001,23.384256227439693
33.50000000000001,23.29596380177575
33.50000000000001,23.84330561393719
33.50000000000001,23.71264378519944
33.50000000000001,23.152499419275628
33.50000000000001,23.40209954442693
33.50000000000001,23.35040396946306
33.50000000000001,23.476577143074625
33.50000000000001,22.97729178500281
33.50000000000001,23.37781081903119
33.50000000000001,23.274721578973875
33.50000000000001,23.393078341607065
33.50000000000001,23.22343475675644
33.50000000000001,23.49440910004488
33.50000000000001,23.038075240089373
33.50000000000001,23.68148324551275
33.50000000000001,23.1459708815745
33.50000000000001,23.588633634718875
33.50000000000001,23.64501894359056
33.50000000000001,23.22759641935075
33.50000000000001,23.464677569529563
33.50000000000001,23.43656784085656
33.50000000000001,23.19982332434719
33.50000000000001,23.223547085358188
33.50000000000001,23.53448113167556
33.50000000000001,23.709158569970125
33.50000000000001,23.46578765145081
33.50000000000001,23.624259143401684
33.50000000000001,23.332638955643688
33.50000000000001,23.659222347685
33.50000000000001,23.307017130243874
33.50000000000001,23.251820597886752
33.50000000000001,23.17382103867131
33.50000000000001,23.4902088385005
33.50000000000001,23.60857049932313
33.50000000000001,23.53711748046231
33.50000000000001,23.028167875932503
33.50000000000001,23.602551298510125
33.50000000000001,23.69843152451475
33.50000000000001,23.151872197341877
33.50000000000001,23.57447311833637
33.50000000000001,23.685718029388564
33.50000000000001,23.529479505877
33.50000000000001,22.988449736190315
33.50000000000001,23.582432349437752
33.50000000000001,23.856482980922188
33.50000000000001,23.39328129498656
33.50000000000001,22.875066715007875
33.50000000000001,23.16561675654019
33.50000000000001,23.504923666545373
33.50000000000001,23.49824926961275
33.50000000000001,23.150618831130934
33.50000000000001,23.570815432350937
33.50000000000001,23.456092217190182
33.50000000000001,23.30414747199981
33.50000000000001,23.54488555728681
33.50000000000001,23.372456102004
33.50000000000001,23.38067915775281
33.50000000000001,22.773982430993065
33.50000000000001,23.0171597799375
33.50000000000001,23.24750617794725
33.50000000000001,24.061751568687065
33.50000000000001,23.1988494168165
33.50000000000001,23.367927517603498
33.50000000000001,23.754058860806506
33.50000000000001,23.67532374685006
33.50000000000001,23.323941372280377
33.50000000000001,23.57958035316744
33.50000000000001,24.12980399208575
33.50000000000001,23.697040212416937
33.50000000000001,23.708153465777315
35.12500000000001,23.577567136981624
40.0,23.883020532696
40.0,25.74173407426088
40.0,28.427426271466505
40.0,31.293939872688
40.0,32.80610406374631
40.0,32.180011395619005
40.0,32.02109067531156
40.0,32.17872808735369
40.0,32.10728226687731
40.0,31.98653727389294
40.0,32.00665805679331
40.0,32.10921070857031
40.0,32.203054565891875
40.0,31.789164566428685
40.0,32.11684648342912
40.0,32.00109549225588
40.0,31.865943745655372
40.0,31.93491917926544
40.0,31.98666445227281
40.0,32.43824862603169
40.0,31.91666813013606
40.0,31.73522193766444
40.0,31.559741443557627
40.0,32.238995748827314
40.0,31.96975235828888
40.0,31.69324397837125
40.0,32.14711536309438
40.0,32.32768925067144
40.0,31.782307440798814
40.0,32.01964529696025
40.0,32.14678850367469
40.0,31.76254225349569
40.0,31.6142927898145
40.0,32.07130626824112
40.0,32.02625183101787
40.0,31.755930212306
40.0,31.856161431613685
40.0,32.077592166525754
40.0,31.98360991195256
40.0,31.28468955990825
40.0,31.739956732334125
40.0,31.957055466315055
40.0,31.624311744793125
40.0,31.333497597035688
40.0,31.87753692836637
40.0,31.819432604411748
40.0,31.659718888459004
40.0,31.686491508652185
40.0,31.98983679552969
40.0,31.26325216259875
40.0,31.39290603211144
40.0,31.68158319671631
40.0,31.1937316588215
40.0,31.67353910174619
40.0,31.35894267922744
40.0,31.19260493388525
40.0,31.30113168609775
40.0,31.046408060302813
40.0,31.08576669485294
40.0,31.314378953339563
40.0,31.404168497687625
40.0,31.03727757541944
40.0,31.04581018015132
40.0,31.131090415431316
40.0,31.66019159609931
40.0,30.98646206325994
40.0,31.170045528330185
40.0,31.767799458623937
40.0,31.081115097738373
40.0,31.027001334493622
40.0,31.063125542651687
40.0,31.035764037420563
40.0,31.044925894546125
40.0,30.99196013108488
40.0,31.118006350564816
40.0,30.87605723973913
40.0,30.9587092105315
40.0,30.91443383980813
40.0,31.205625666310503
40.0,30.82595656517825
40.0,30.88440341914881
40.0,31.241481227915628
40.0,31.157887608021312
40.0,30.67617647131606
40.0,31.30007327602257
40.0,31.143095365294123
40.0,30.917318625870625
40.0,31.185179495626063
40.0,30.938999080246624
40.0,31.344363794242813
40.0,31.196062549357
40.0,30.998068585754687
40.0,30.91004183685806
40.0,31.308577575829563
40.0,30.81402055431532
40.0,30.82134097024025
40.0,30.947514518447687
40.0,31.06923892105363
40.0,30.926162002972937
40.0,31.628189259718937
40.0,31.12693867113819
40.0,31.491830220512185
40.0,31.246670954929183
40.0,31.64169960799688
40.0,31.39464249503262
40.0,30.87026340745644
40.0,30.84590866973056
40.0,31.458267156174003
40.0,31.63129872851269
40.0,31.104709738586063
40.0,31.33762580187637
40.0,30.717844333196627
43.96428571428572,31.229252280012496
45.28571428571429,31.437104797917
45.28571428571429,34.63494838710037
45.28571428571429,37.85662415731013
45.28571428571429,39.95602073081575
45.28571428571429,40.81211774951756
45.28571428571429,40.82587994412587
45.28571428571429,40.67594856325688
45.28571428571429,40.72429254463682
45.28571428571429,40.44714926416832
45.28571428571429,40.63898206796343
45.28571428571429,40.12977464126475
45.28571428571429,40.520900746974746
45.28571428571429,40.250677534004815
45.28571428571429,40.79983411774381
45.28571428571429,40.16495273619012
45.28571428571429,40.1814290054135
45.28571428571429,40.46153415819475
45.28571428571429,39.63682801607525
45.28571428571429,39.7339399745185
45.28571428571429,40.53426558447194
45.28571428571429,40.49800618595157
45.28571428571429,40.0022180802635
45.28571428571429,39.77450063906574
45.28571428571429,40.335517401361685
45.28571428571429,40.41848217478756
45.28571428571429,39.92625658817688
45.28571428571429,40.49987726813607
45.28571428571429,40.35020217076687
45.28571428571429,40.19762140145363
45.28571428571429,40.08558467357562
45.28571428571429,40.49461222456232
45.28571428571429,40.4246424469335
45.28571428571429,40.32007264915537
45.28571428571429,39.92646670097681
45.28571428571429,40.01374208498788
45.28571428571429,39.39638330805419
45.28571428571429,39.71163062222431
45.28571428571429,40.54419180008688
45.28571428571429,40.12703688314494
45.28571428571429,40.6863005052975
45.28571428571429,40.22252752839675
45.28571428571429,40.45174707885207
45.28571428571429,40.11523573104832
45.28571428571429,40.27405051098625
45.28571428571429,40.56728215288568
45.28571428571429,41.04603152091881
45.28571428571429,40.34061774940432
45.28571428571429,40.56023201210106
45.28571428571429,40.425378909532256
45.28571428571429,40.562468235951
45.28571428571429,40.353105080849446
45.28571428571429,40.48900814671968
45.28571428571429,40.26028726266006
45.28571428571429,39.69618717184669
45.28571428571429,40.18269139093837
45.28571428571429,40.53193411319069
45.28571428571429,40.76633087285006
45.28571428571429,40.94642135031257
45.28571428571429,40.57496144123807
45.28571428571429,41.15199421427469
45.28571428571429,40.19537844821387
45.28571428571429,40.76886585901832
45.28571428571429,41.06867082064288
45.28571428571429,40.442834251620994
45.28571428571429,40.07865157228513
45.28571428571429,41.00760429903831
45.28571428571429,40.76809799706181
45.28571428571429,40.17434310571763
45.28571428571429,40.31298053403444
45.28571428571429,40.687694618951504
45.28571428571429,40.76964874516044
45.28571428571429,40.7155207541252
45.28571428571429,40.315698121286815
45.28571428571429,41.12757884278438
45.28571428571429,39.39189516079163
45.28571428571429,40.74378016628219
45.28571428571429,40.4350413438775
45.28571428571429,40.69882898098062
45.28571428571429,41.31213785889519
45.28571428571429,40.273817907318
45.28571428571429,41.19554648783095
45.28571428571429,39.77464999142575
45.28571428571429,40.54605991376969
45.28571428571429,41.52916154227725
45.28571428571429,40.92449196332176
45.28571428571429,40.712616147106814
45.28571428571429,40.75467085110832
45.28571428571429,40.95079512075069
45.28571428571429,40.22993921008875
45.28571428571429,40.67406496855276
45.28571428571429,40.85998351989218
45.28571428571429,40.460149807129
45.28571428571429,39.62242943509057
45.28571428571429,40.301803296552
45.28571428571429,41.43322597357125
45.28571428571429,40.36319303731144
45.28571428571429,40.513990170192685
45.28571428571429,40.35391304743818
45.28571428571429,40.50100096356482
45.28571428571429,40.214633813509245
45.28571428571429,40.55203782309312
45.28571428571429,40.56793397072725
45.28571428571429,40.370338008524186
45.28571428571429,40.26401097922
45.28571428571429,40.34743002770663
45.28571428571429,40.57871270982763
45.28571428571429,40.468343236069
45.28571428571429,40.5626332029585
45.28571428571429,40.71857171158469
45.28571428571429,40.61456950229476
45.28571428571429,40.69125549596225
46.23214285714286,40.01638252585275
49.07142857142857,40.89404116802437
49.07142857142857,42.00376386242
49.07142857142857,44.86868300313925
49.07142857142857,46.902715540957246
49.07142857142857,47.230773791312686
49.07142857142857,47.11385288949738
49.07142857142857,46.822464443547815
49.07142857142857,47.2280304840332
49.07142857142857,46.13877822450231
49.07142857142857,46.48220964391432
49.07142857142857,46.38622716334662
49.07142857142857,46.25221057709525
49.07142857142857,46.243691178605005
49.07142857142857,45.908967675577934
49.07142857142857,46.466093913276566
49.07142857142857,45.77367427560875
49.07142857142857,46.07096539297788
49.07142857142857,45.77219980391188
49.07142857142857,45.90601162565412
49.07142857142857,46.50418643127081
49.07142857142857,46.176715380940365
49.07142857142857,46.23277644957031
49.07142857142857,46.17677329972145
49.07142857142857,46.12318287388075
49.07142857142857,46.48609286326944
49.07142857142857,46.11098893684906
49.07142857142857,46.15818123879569
49.07142857142857,46.15087298129306
49.07142857142857,46.32428001087043
49.07142857142857,45.8822571102545
49.07142857142857,47.12580902311343
49.07142857142857,46.29452000205801
49.07142857142857,46.39284718979213
49.07142857142857,46.175474787438745
49.07142857142857,45.51824265597394
49.07142857142857,45.92715778895282
49.07142857142857,46.14506819612306
49.07142857142857,45.837045649013945
49.07142857142857,45.86010922621962
49.07142857142857,46.09912539217581
49.07142857142857,45.92609710245225
49.07142857142857,45.73124014329756
49.07142857142857,46.170430711119934
49.07142857142857,44.989125367673566
49.07142857142857,45.93538572766919
49.07142857142857,46.32819454714912
49.07142857142857,46.06840688976
49.07142857142857,45.70249081150232
49.07142857142857,46.05848852479344
49.07142857142857,45.96983537703144
49.07142857142857,46.059303589285626
49.07142857142857,46.30868258989694
49.07142857142857,45.68139571123737
49.07142857142857,46.070529229181496
49.07142857142857,46.03552851407425
49.07142857142857,46.16319191229257
49.07142857142857,46.60359419190056
49.07142857142857,46.00839102627762
49.07142857142857,45.956827262095686
49.07142857142857,46.04029975137356
49.07142857142857,45.90305016073013
49.07142857142857,45.59387281787056
49.07142857142857,45.87427478729307
49.07142857142857,46.02682418169987
49.07142857142857,45.875395949238246
49.07142857142857,46.07621380888875
49.07142857142857,46.20714734016312
49.07142857142857,46.19418975162418
49.07142857142857,45.918345801773
49.07142857142857,45.65930600630825
49.07142857142857,45.85981359433031
49.07142857142857,45.518507632413005
49.07142857142857,46.24465471671312
49.07142857142857,45.88196265106987
49.07142857142857,46.27927500179062
49.07142857142857,45.71048355130169
49.07142857142857,45.80098639378756
49.07142857142857,46.485494065684186
49.07142857142857,46.20310386233557
49.07142857142857,46.174715303388375
49.07142857142857,46.370577784195255
49.07142857142857,46.148827179279685
49.07142857142857,45.936914952124006
49.07142857142857,45.94061444994431
49.07142857142857,46.39517782078362
49.07142857142857,46.76616212648807
49.07142857142857,45.921639625946376
49.07142857142857,45.87302655027375
49.07142857142857,45.817396331195305
49.07142857142857,45.65880509887994
49.07142857142857,46.08423057898676
49.07142857142857,46.30932338583056
49.07142857142857,46.45937485236975
49.07142857142857,46.265794947702254
49.07142857142857,46.187929583144125
49.07142857142857,46.19458109730869
49.07142857142857,46.1725345841985
49.07142857142857,46.20049885995094
49.07142857142857,46.19486915751075
49.07142857142857,45.84287385855564
49.07142857142857,45.6736917078585
49.07142857142857,46.75730460201388
49.07142857142857,46.03658492572056
49.07142857142857,45.89607339312206
49.07142857142857,46.186178058537
49.07142857142857,46.20802403026725
49.07142857142857,45.72668751208969
49.07142857142857,46.05109878451875
49.07142857142857,46.23774062031425
49.07142857142857,46.51165529670769
49.07142857142857,46.080859896136815
49.07142857142857,45.933936674810944
50.94642857142857,46.16206723758612
51.57142857142857,46.40704503764569
51.57142857142857,48.021819371047066
51.57142857142857,50.23455795727788
51.57142857142857,50.5478355582595
51.57142857142857,50.4117373838535
51.57142857142857,50.361385962027065
51.57142857142857,50.2844066183135
51.57142857142857,50.34312097596637
51.57142857142857,50.35086941470607
51.57142857142857,50.22418297847238
51.57142857142857,50.39451603315931
51.57142857142857,50.14428720246606
51.57142857142857,50.21548247866075
51.57142857142857,50.48531123647031
51.57142857142857,50.29454434329281
51.57142857142857,49.85068305624301
51.57142857142857,50.23928688901076
51.57142857142857,50.52838310762475
51.57142857142857,50.394797243745685
51.57142857142857,49.9346564444265
51.57142857142857,50.10683799240213
51.57142857142857,49.8522862908245
51.57142857142857,49.722793865368565
51.57142857142857,50.40744014955138
51.57142857142857,50.90109527983807
51.57142857142857,49.83209809169494
51.57142857142857,50.030352411901504
51.57142857142857,50.02879196974213
51.57142857142857,50.24809673934331
51.57142857142857,49.94540967105675
51.57142857142857,50.03047359681513
51.57142857142857,49.834188957028935
51.57142857142857,50.00190428558663
51.57142857142857,50.07299829722156
51.57142857142857,50.73796088653487
51.57142857142857,50.456147151479314
51.57142857142857,49.82850908216325
51.57142857142857,49.93928335092969
51.57142857142857,50.80366499820512
51.57142857142857,49.82968062897269
51.57142857142857,49.898347009129004
51.57142857142857,50.79200113312175
51.57142857142857,50.510231698571125
51.57142857142857,49.85684987538801
51.57142857142857,49.80385536966256
51.57142857142857,49.85501899998694
51.57142857142857,50.106066670807685
51.57142857142857,50.51786664604275
51.57142857142857,50.99001513046488
51.57142857142857,50.3930876402127
51.57142857142857,50.58959736600956
51.57142857142857,50.16815027061881
51.57142857142857,50.5721384273575
51.57142857142857,50.57924363855607
51.57142857142857,50.612019294836806
51.57142857142857,50.79457904822425
51.57142857142857,50.98044935888238
51.57142857142857,50.39517371199732
51.57142857142857,50.88870525413132
51.57142857142857,50.66386206346776
51.57142857142857,50.971208324195935
51.57142857142857,50.926570156420006
51.57142857142857,50.523265878917
51.57142857142857,50.74841478548062
51.57142857142857,50.45735699450369
51.57142857142857,50.69373217218725
51.57142857142857,50.735779047692446
51.57142857142857,50.50999991860668
51.57142857142857,50.44372285173269
51.57142857142857,51.11608143828263
51.57142857142857,50.74522102596175
51.57142857142857,51.42056034286912
51.57142857142857,51.05320992298613
51.57142857142857,50.957020481105374
51.57142857142857,50.32347874497869
51.57142857142857,50.5433973944245
51.57142857142857,51.24189911696969
51.57142857142857,50.93714372147807
51.57142857142857,51.084803019242
51.57142857142857,50.540119124335554
51.57142857142857,51.456318242559696
51.57142857142857,50.72772677448562
51.57142857142857,50.50863925911145
51.57142857142857,50.90687061106274
51.57142857142857,50.772043914765
51.57142857142857,51.07517090581919
51.57142857142857,51.14835595458412
51.57142857142857,51.14830715174088
51.57142857142857,50.74764655319312
51.57142857142857,50.65145344395062
51.57142857142857,51.584737255120814
51.57142857142857,51.4301739243045
51.57142857142857,50.43092598808719
51.57142857142857,50.75823851725619
51.57142857142857,50.74144365506344
51.57142857142857,50.89393043790425
51.57142857142857,50.59778544519969
51.57142857142857,51.18982687327132
51.57142857142857,50.55308974765038
51.57142857142857,50.882634481457615
51.57142857142857,51.235806678842685
51.57142857142857,51.29852724996756
51.57142857142857,50.774569698309
51.57142857142857,50.80217939526713
51.57142857142857,51.10814032750518
51.57142857142857,50.926607047461125
51.57142857142857,50.93847318409676
51.57142857142857,51.040133176142064
51.57142857142857,50.75698326524181
51.57142857142857,50.619449765087445
51.57142857142857,50.9665631845065
51.96428571428572,51.13885189845675
53.142857142857146,50.87315200133587
53.142857142857146,51.76476265080137
53.142857142857146,53.796624297403625
53.142857142857146,53.118186433438815
53.142857142857146,53.05460015171119
53.142857142857146,53.12044262211612
53.142857142857146,53.59184657288675
53.142857142857146,53.373600904810566
53.142857142857146,53.58750216385332
53.142857142857146,53.38402117715994
53.142857142857146,53.251367530113
53.142857142857146,53.05491176855163
53.142857142857146,54.12773551030556
53.142857142857146,53.43520945485944
53.142857142857146,53.07976509363413
53.142857142857146,53.529681428839
53.142857142857146,53.68522523078181
53.142857142857146,53.42008202854094
53.142857142857146,53.21763369251293
53.142857142857146,53.393703521321065
53.142857142857146,53.25526515471344
53.142857142857146,53.159076382447005
53.142857142857146,53.664182745622256
53.142857142857146,53.36096206954725
53.142857142857146,53.25947188236175
53.142857142857146,53.61046054764488
53.142857142857146,53.50751890673513
53.142857142857146,53.333272939102
53.142857142857146,53.54225490939494
53.142857142857146,53.75313120086699
53.142857142857146,53.25563338601382
53.142857142857146,53.31010856776318
53.142857142857146,53.56061008223776
53.142857142857146,53.27061444135175
53.142857142857146,53.152349294285685
53.142857142857146,52.80347826507569
53.142857142857146,53.17073709924944
53.142857142857146,53.423380553787375
53.142857142857146,52.6755840955415
53.142857142857146,53.721708888645246
53.142857142857146,53.14249036313331
53.142857142857146,53.69624991792006
53.142857142857146,53.25857651609094
53.142857142857146,53.55794479985794
53.142857142857146,53.41411404231994
53.142857142857146,53.04765077281838
53.142857142857146,53.15206474126781
53.142857142857146,53.36767996638581
53.142857142857146,52.98913292078
53.142857142857146,53.36003598533419
53.142857142857146,53.63300171328106
53.142857142857146,53.28468978913588
53.142857142857146,53.23685786550568
53.142857142857146,52.98097554643351
53.142857142857146,53.25341018810775
53.142857142857146,52.583030344849256
53.142857142857146,53.248691283836
53.142857142857146,53.67801683229263
53.142857142857146,53.0475397590175
53.142857142857146,53.17932451229288
53.142857142857146,52.66510615909525
53.142857142857146,53.029339310420376
53.142857142857146,52.54111878244481
53.142857142857146,53.04102100033462
53.142857142857146,53.343647072294125
53.142857142857146,52.67639573574488
53.142857142857146,52.83613619480613
53.142857142857146,53.06496631832019
53.142857142857146,52.73257691259281
53.142857142857146,52.60619370651644
53.142857142857146,52.8389541014935
53.142857142857146,53.07793674150369
53.142857142857146,52.50787132202138
53.142857142857146,52.50653138918632
53.142857142857146,52.45211695262518
53.142857142857146,52.76822259727819
53.142857142857146,52.81865852739757
53.142857142857146,52.82107143084081
53.142857142857146,52.80178709648969
53.142857142857146,52.357265842538126
53.142857142857146,52.64454092347381
53.142857142857146,52.44910817673975
53.142857142857146,52.44568500315913
53.142857142857146,52.72400813510362
53.142857142857146,52.74894266303656
53.142857142857146,52.463568161556815
53.142857142857146,52.51422286028406
53.142857142857146,52.82250950421607
53.142857142857146,52.64092053800694
53.142857142857146,52.73216632382088
53.142857142857146,52.70342037978331
53.142857142857146,52.651463536052376
53.142857142857146,52.9215616017275
53.142857142857146,52.75012805060763
53.142857142857146,52.72434512724281
53.142857142857146,52.829962305386815
53.142857142857146,52.83523409477893
53.142857142857146,52.4162271260025
53.142857142857146,52.52961415942562
53.142857142857146,52.625250182813005
53.142857142857146,52.21933385429319
53.142857142857146,51.771436757227
53.142857142857146,52.60528121302856
53.142857142857146,52.728685282810815
53.142857142857146,53.126067076399
53.142857142857146,52.87031009681094
53.142857142857146,52.76291040211501
53.142857142857146,52.23247006086719
53.142857142857146,52.36461842982638
53.142857142857146,52.32086663751093
53.142857142857146,52.65170157036532
53.142857142857146,52.13312007188181
53.94642857142858,52.74111384792488
54.21428571428572,52.64080524153363
54.21428571428572,54.135855881788814
54.21428571428572,54.12047417353775
54.21428571428572,54.418331869366064
54.21428571428572,53.696115735966
54.21428571428572,54.02895690760513
54.21428571428572,55.26892635640656
54.21428571428572,54.404472524293006
54.21428571428572,54.60342379638188
54.21428571428572,53.9867629666835
54.21428571428572,54.76356509210569
54.21428571428572,54.24208595008588
54.21428571428572,53.626664623937
54.21428571428572,54.82960257561781
54.21428571428572,54.86164513322906
54.21428571428572,54.4056184095005
54.21428571428572,54.357066042382
54.21428571428572,54.66846183055944
54.21428571428572,54.11286009622832
54.21428571428572,53.58098006137988
54.21428571428572,54.543991286437496
54.21428571428572,54.29161399711125
54.21428571428572,54.32629123915212
54.21428571428572,53.93312944387244
54.21428571428572,54.897407923008885
54.21428571428572,53.90342996038919
54.21428571428572,54.582140351913374
54.21428571428572,54.48993222072494
54.21428571428572,54.37520396958787
54.21428571428572,54.11024834321525
54.21428571428572,54.327261802329936
54.21428571428572,54.50845031241143
54.21428571428572,54.46205260751669
54.21428571428572,54.25086663914469
54.21428571428572,54.69645391926831
54.21428571428572,54.46864277213725
54.21428571428572,54.582074492488125
54.21428571428572,54.68034253373288
54.21428571428572,54.72272821534413
54.21428571428572,54.62574896073512
54.21428571428572,54.675782280857874
54.21428571428572,55.0882535892145
54.21428571428572,54.61612919304326
54.21428571428572,54.54208354628006
54.21428571428572,54.831312754402695
54.21428571428572,54.93629781067494
54.21428571428572,54.70680173793662
54.21428571428572,54.87341138294475
54.21428571428572,55.17171439751175
54.21428571428572,55.098142615808754
54.21428571428572,54.350745235343496
54.21428571428572,54.80653475153456
54.21428571428572,55.49419327513112
54.21428571428572,54.758442022786
54.21428571428572,55.15075288930162
54.21428571428572,55.10701331092056
54.21428571428572,54.59664743095088
54.21428571428572,54.473912962571816
54.21428571428572,54.821095560778055
54.21428571428572,55.33489293629987
54.21428571428572,54.63603575905326
54.21428571428572,54.96712957145062
54.21428571428572,55.54938395473969
54.21428571428572,55.04075568949537
54.21428571428572,54.68065455860163
54.21428571428572,55.005126920318936
54.21428571428572,54.21542986195375
54.21428571428572,54.70276646092694
54.21428571428572,54.79095231030119
54.21428571428572,55.178828811055126
54.21428571428572,54.62770665897419
54.21428571428572,54.49868078366595
54.21428571428572,54.647641844405065
54.21428571428572,54.80394247270175
54.21428571428572,54.65375105979349
54.21428571428572,54.40738255786925
54.21428571428572,54.558921189039
54.21428571428572,54.688109597966815
54.21428571428572,54.62360663390013
54.21428571428572,54.92545038244244
54.21428571428572,55.131315767813625
54.21428571428572,53.90765745129637
54.21428571428572,55.2368889670835
54.21428571428572,54.61250708149212
54.21428571428572,55.42503458086357
54.21428571428572,55.45660331519413
54.21428571428572,55.55065777270025
54.21428571428572,55.43496886323544
54.21428571428572,55.01689508493951
54.21428571428572,55.20010546943362
54.21428571428572,55.38494742149756
54.21428571428572,55.897141470990434
54.21428571428572,55.30763497565375
54.21428571428572,55.89661353879551
54.21428571428572,55.52928866618044
54.21428571428572,55.515485024513374
54.21428571428572,55.346384490643565
54.21428571428572,55.70839189840031
54.21428571428572,55.14441473091844
54.21428571428572,55.64766281493269
54.21428571428572,55.87130184285881
54.21428571428572,55.88264994173794
54.21428571428572,55.37512136230357
54.21428571428572,55.60312202304861
54.21428571428572,55.79775564105363
54.21428571428572,55.281787183929126
54.21428571428572,55.87557268849694
54.21428571428572,55.354875802013126
54.21428571428572,54.37542269715169
54.21428571428572,55.46849461321113
54.21428571428572,55.38295067163225
54.21428571428572,55.94798687728063
54.21428571428572,55.1497338249475
54.21428571428572,56.86988940980175
54.21428571428572,55.700888935746
54.21428571428572,55.32224319671456
